tweet.rawContent,tweet.renderedContent,tweet.user.displayname,tweet.user.link,tweet.retweetedTweet,tweet.user.followersCount,tweet.user.verified,tweet.user.created,tweet.user.location
"The combined weight of all ants on Earth is greater than the combined weight of all humans!

#Openai","The combined weight of all ants on Earth is greater than the combined weight of all humans!

#Openai",FunFacts.AI,,,28,False,2022-05-24 12:26:27+00:00,
"In a passionate embrace, Wade Graham grabbed Davvy Moale, recklessly tackling him to the ground. Despite the guilt, Wade's fear of causing a concussion kept him from aiming any lower. #openAI #NRL https://t.co/u5QfrbpSLX","In a passionate embrace, Wade Graham grabbed Davvy Moale, recklessly tackling him to the ground. Despite the guilt, Wade's fear of causing a concussion kept him from aiming any lower. #openAI #NRL smh.com.au/sport/nrl/don-â€¦",Rugby Romance (Parody),,,3,False,2023-01-07 03:24:33+00:00,Sydney
"Wade's passionate tackle on Davvy sent shivers down his spine; although he had to aim high due to concussion concerns, his desire to make the tackle was undeniable. #openAI #NRL https://t.co/0fDULSEwbk","Wade's passionate tackle on Davvy sent shivers down his spine; although he had to aim high due to concussion concerns, his desire to make the tackle was undeniable. #openAI #NRL theage.com.au/sport/nrl/don-â€¦",Rugby Romance (Parody),,,3,False,2023-01-07 03:24:33+00:00,Sydney
"The #creator of #ChatGPT, #OpenAI, is also #hiring additional #contractors to #help with its #coding. In the past, the #company's #AI model was #trained by getting #codes from #GitHub, which is owned by #Microsoft, an early #investor in the #company.","The #creator of #ChatGPT, #OpenAI, is also #hiring additional #contractors to #help with its #coding. In the past, the #company's #AI model was #trained by getting #codes from #GitHub, which is owned by #Microsoft, an early #investor in the #company.",Salina Reddy,,,644,False,2021-11-04 11:55:13+00:00,Earth
"Bitcoin network difficulty rose by 10% in February 2023. However, Argo was still able to increase its daily Bitcoin mining capacity. #BTC #Bitcoin #CryptoNews #cryptomarket #ChatGPT #openai Sentiment Result : Positive @crypto_talkies https://t.co/vxWmlmXiOi","Bitcoin network difficulty rose by 10% in February 2023. However, Argo was still able to increase its daily Bitcoin mining capacity. #BTC #Bitcoin #CryptoNews #cryptomarket #ChatGPT #openai Sentiment Result : Positive @crypto_talkies https://t.co/vxWmlmXiOi",Crypto Talkies - Sentiment Analysis Tool,"TextLink(text='cryptotalkies.net', url='https://www.cryptotalkies.net/', tcourl='https://t.co/vaNi0oIvWZ', indices=(0, 23))",,399,False,2022-02-13 18:57:42+00:00,Global
"ğŸŒ In today's #TuesdayPoll, we assess how #OpenAI is a game changer that will affect our daily lives. 

ğŸ§What do you think the outcome will be?

#AI #ChatGPT #innovation #future","ğŸŒ In today's #TuesdayPoll, we assess how #OpenAI is a game changer that will affect our daily lives. 

ğŸ§What do you think the outcome will be?

#AI #ChatGPT #innovation #future",White Research,"TextLink(text='white-research.eu', url='http://white-research.eu/', tcourl='https://t.co/wD1lm6kkKK', indices=(0, 23))",,554,False,2018-01-22 14:13:09+00:00,Belgium
"Japan and Its Best Places by ChatGPT.
https://t.co/gLSJojRELq

#AIã‚¤ãƒ©ã‚¹ãƒˆ  #ChatGPT  #OpenAI  #chatgptsays #japanese  #visitjapan  @VisitJapan_Golf    @visitjapanuk   @UNITARHiroshima   #hiroshima  #osaka #tokyo  #Hokkaido  #mountfuji https://t.co/HrkPPo5bfb","Japan and Its Best Places by ChatGPT.
youtu.be/J9TRkqbme74

#AIã‚¤ãƒ©ã‚¹ãƒˆ  #ChatGPT  #OpenAI  #chatgptsays #japanese  #visitjapan  @VisitJapan_Golf    @visitjapanuk   @UNITARHiroshima   #hiroshima  #osaka #tokyo  #Hokkaido  #mountfuji https://t.co/HrkPPo5bfb",ChatGPTsays,,,4,False,2023-02-03 18:38:20+00:00,
"The lifespan of a sloth is roughly 20 years, making them one of the longest living mammals relative to their size.

#Openai","The lifespan of a sloth is roughly 20 years, making them one of the longest living mammals relative to their size.

#Openai",FunFacts.AI,,,28,False,2022-05-24 12:26:27+00:00,
"The model is base using the Glide repository of Text2IMG from #OpenAI

https://t.co/kyyCxt8FJO
Still learning a long way to go!","The model is base using the Glide repository of Text2IMG from #OpenAI

github.com/openai/glide-tâ€¦
Still learning a long way to go!",Gentle Sloth,,,5,False,2023-02-18 21:09:05+00:00,Somewhere In the World
"'Pakistan's pacer' Chaminda VaasğŸ§

#ChatGPT #OpenAI #OpenAIChatGPT https://t.co/NLbDVQ24yY","'Pakistan's pacer' Chaminda VaasğŸ§

#ChatGPT #OpenAI #OpenAIChatGPT https://t.co/NLbDVQ24yY",Rajender Gusain,,,32,False,2018-01-03 09:02:31+00:00,Delhi
Gm #abstractartwork #painting #digitalart #OpenAI https://t.co/bgRZ0ZItZ5,Gm #abstractartwork #painting #digitalart #OpenAI https://t.co/bgRZ0ZItZ5,J.,,,70,False,2023-01-16 08:59:56+00:00,"London, UK"
"ğŸ“Œ Gracias, en parte, a su reciente adquisiciÃ³n de #OpenAI, ahora la plataforma #Dynamics365 expandirÃ¡ sus #capacidades, con #GPT y #AIGenerative, para el #trabajoproductivo de todas las personas en su #GestiÃ³nEmpresarial diaria.","ğŸ“Œ Gracias, en parte, a su reciente adquisiciÃ³n de #OpenAI, ahora la plataforma #Dynamics365 expandirÃ¡ sus #capacidades, con #GPT y #AIGenerative, para el #trabajoproductivo de todas las personas en su #GestiÃ³nEmpresarial diaria.",IFR GROUP,"TextLink(text='ifr.es/es', url='https://www.ifr.es/es', tcourl='https://t.co/cRAda4Iqo9', indices=(0, 23))",,731,False,2012-10-04 09:23:57+00:00,EspaÃ±a
"Comment #OpenAI essaie de convertir le phÃ©nomÃ¨ne #ChatGPT en machine Ã  cash

https://t.co/83xVWgk8TG

v/ @kalydeoo 
#OpenAIChatGPT
@ipfconline1 @jblefevre60 @Nicochan33 @labordeolivier @LaurentAlaus @jeancayeux @efipm @FrRonconi @CurieuxExplorer @3itcom @RLDI_Lamy @sebbourguignon","Comment #OpenAI essaie de convertir le phÃ©nomÃ¨ne #ChatGPT en machine Ã  cash

latribune.fr/technos-mediasâ€¦

v/ @kalydeoo 
#OpenAIChatGPT
@ipfconline1 @jblefevre60 @Nicochan33 @labordeolivier @LaurentAlaus @jeancayeux @efipm @FrRonconi @CurieuxExplorer @3itcom @RLDI_Lamy @sebbourguignon",Shi4Tech ğŸ’™ #TechForGood ğŸ’™,,,43235,False,2008-09-26 23:20:04+00:00,WORLD CITIZENğŸ’™ NO DM ZONE 
"The world's smallest functional airplane, the 'Pal-V One', is small enough to fit in a single car garage!

#Openai","The world's smallest functional airplane, the 'Pal-V One', is small enough to fit in a single car garage!

#Openai",FunFacts.AI,,,28,False,2022-05-24 12:26:27+00:00,
"Junior's heart raced as his coach approached him. His muscles trembled with anticipation as the two embraced in a passionate embrace, lifting a weight off his heart. #openAI #NRL https://t.co/F2ILsylOL4","Junior's heart raced as his coach approached him. His muscles trembled with anticipation as the two embraced in a passionate embrace, lifting a weight off his heart. #openAI #NRL smh.com.au/sport/nrl/so-gâ€¦",Rugby Romance (Parody),,,3,False,2023-01-07 03:24:33+00:00,Sydney
"Latrell and Jarome's passions ignited, as they embraced the cracks in the windscreen, and escaped together from the scapegoat of their on-field blow-up. #openAI #NRL https://t.co/t5nR4LvkvU","Latrell and Jarome's passions ignited, as they embraced the cracks in the windscreen, and escaped together from the scapegoat of their on-field blow-up. #openAI #NRL smh.com.au/sport/nrl/bit-â€¦",Rugby Romance (Parody),,,3,False,2023-01-07 03:24:33+00:00,Sydney
"Ruggedly handsome Latrell swept Jarome into his arms, whispering, ""You're not a scapegoat; I will protect you from any cracks in the windscreen."" #openAI #NRL https://t.co/pOwE9H2y6N","Ruggedly handsome Latrell swept Jarome into his arms, whispering, ""You're not a scapegoat; I will protect you from any cracks in the windscreen."" #openAI #NRL theage.com.au/sport/nrl/bit-â€¦",Rugby Romance (Parody),,,3,False,2023-01-07 03:24:33+00:00,Sydney
"When his coach approached, Junior felt a weight off his shouldersâ€”his desire for a passionate connection with another man finally unleashed. #openAI #NRL https://t.co/3euJ43LeT7","When his coach approached, Junior felt a weight off his shouldersâ€”his desire for a passionate connection with another man finally unleashed. #openAI #NRL theage.com.au/sport/nrl/so-gâ€¦",Rugby Romance (Parody),,,3,False,2023-01-07 03:24:33+00:00,Sydney
"Calm your inner Luddite, hold on to your inner sceptic,â€ is one of the messages for educators contemplating ChatGPT and other large language models, from Dr Roze Phillips - Karen MacGregor reports 

#AIandHE #ChatGPT #OpenAI https://t.co/6Lfs0g33kH","Calm your inner Luddite, hold on to your inner sceptic,â€ is one of the messages for educators contemplating ChatGPT and other large language models, from Dr Roze Phillips - Karen MacGregor reports 

#AIandHE #ChatGPT #OpenAI universityworldnews.com/post.php?storyâ€¦",UniversityWorldNews,"TextLink(text='universityworldnews.com', url='https://www.universityworldnews.com', tcourl='https://t.co/o49NFzTs3B', indices=(0, 23))",,22512,False,2009-12-06 20:58:56+00:00,
"AI WORLD CONGRESS 2023
https://t.co/eBvm4xZtjs
June 7-8. London. Book Now
https://t.co/eBvm4xZtjs

#ai #artificialintelligence #bigdata #machinelearning
#edgecomputing #quantumcomputing #metaverse 
#openai #robotics #robots #iot #aiot  #internetofthings #5G #AR #web3 #chatgpt https://t.co/1HjEiSSQYm","AI WORLD CONGRESS 2023
aiconference.london
June 7-8. London. Book Now
aiconference.london

#ai #artificialintelligence #bigdata #machinelearning
#edgecomputing #quantumcomputing #metaverse 
#openai #robotics #robots #iot #aiot  #internetofthings #5G #AR #web3 #chatgpt https://t.co/1HjEiSSQYm",AI Institute UK,"TextLink(text='aiconference.london', url='https://www.aiconference.london', tcourl='https://t.co/MJNV2sZ8Tw', indices=(0, 23))",,5505,False,2011-07-29 18:56:46+00:00,London
"Join me in saving hours of work with #ChatGPT!
Discover the most mind-blowing ChatGPT hacks to optimize your productivity with my newsletter:
Subscribe now at https://t.co/a0OT8omyMN 
#newsletter #chatgpt #optimizing #openai https://t.co/0YimPyGIeD","Join me in saving hours of work with #ChatGPT!
Discover the most mind-blowing ChatGPT hacks to optimize your productivity with my newsletter:
Subscribe now at 101chatgpthacks.substack.com 
#newsletter #chatgpt #optimizing #openai https://t.co/0YimPyGIeD",Adam Egger,"TextLink(text='simplygoodlife.substack.com', url='https://simplygoodlife.substack.com/', tcourl='https://t.co/heQZE3JPqt', indices=(0, 23))",,504,False,2007-03-29 19:37:03+00:00,"Darmstadt, Germany"
"The oldest known pearl is 6,500 years old and comes from the Persian Gulf!

#Openai","The oldest known pearl is 6,500 years old and comes from the Persian Gulf!

#Openai",FunFacts.AI,,,28,False,2022-05-24 12:26:27+00:00,
"Is #ChatGPT biased? Will it take away jobs? Can it be a threat to privacy? Watch this video to know how ChatGPT can affect your life directly and indirectly: https://t.co/55fcaJCSOT

@priyankadeo @coreqbytoi #ai #artificialintelligence #openai #corequestions","Is #ChatGPT biased? Will it take away jobs? Can it be a threat to privacy? Watch this video to know how ChatGPT can affect your life directly and indirectly: youtube.com/watch?v=zzQivcâ€¦

@priyankadeo @coreqbytoi #ai #artificialintelligence #openai #corequestions",The Times Of India,"TextLink(text='toi.in/BJa_yb63', url='http://toi.in/BJa_yb63', tcourl='https://t.co/AZynmCvEVx', indices=(0, 23))",,14684492,True,2010-04-19 10:50:15+00:00,
"Dotpot iT: Your Partner for AI Solutions ğŸ¤–ğŸ’»ğŸ“ˆ

In today's fast-paced world, businesses are constantly seeking ways to stay ahead of the competition. One way to do this is by leveraging the power of artificial intelligence (AI). That's where Dotpot iT comes in
#ChatGPT #OpenAI https://t.co/5LhuLitTnj","Dotpot iT: Your Partner for AI Solutions ğŸ¤–ğŸ’»ğŸ“ˆ

In today's fast-paced world, businesses are constantly seeking ways to stay ahead of the competition. One way to do this is by leveraging the power of artificial intelligence (AI). That's where Dotpot iT comes in
#ChatGPT #OpenAI https://t.co/5LhuLitTnj",Dotpot iT,"TextLink(text='dotpotit.com', url='http://dotpotit.com', tcourl='https://t.co/ORxX3InVvI', indices=(0, 23))",,483,False,2023-02-07 05:35:03+00:00,"Dhaka, Bangladesh "
"Today, while I was working on integrating #ChatGPT into an application, I accidentally caused it to break ğŸ˜¶.

#OpenAI #OpenAIChatGPT https://t.co/yzKWirbFeT","Today, while I was working on integrating #ChatGPT into an application, I accidentally caused it to break ğŸ˜¶.

#OpenAI #OpenAIChatGPT https://t.co/yzKWirbFeT",Anom Chakravorty,"TextLink(text='github.com/anomic30', url='https://github.com/anomic30', tcourl='https://t.co/4qc8x2lSI7', indices=(0, 23))",,32,False,2015-05-16 09:43:07+00:00,India
Revolutionize your Project IGI experience with the Texture editor! ğŸ‰ğŸ‘€ğŸ¨ Say goodbye to boring graphics and welcome stunning visuals with this cutting-edge tool. Download now https://t.co/77tfprvjeJ #ProjectIGI #TextureEditor #GameDevelopment #Coding #chatgpt #openai #gamedev,Revolutionize your Project IGI experience with the Texture editor! ğŸ‰ğŸ‘€ğŸ¨ Say goodbye to boring graphics and welcome stunning visuals with this cutting-edge tool. Download now tinyurl.com/4e6faj9c #ProjectIGI #TextureEditor #GameDevelopment #Coding #chatgpt #openai #gamedev,HeavenHMğŸ‡¦ğŸ‡ª,"TextLink(text='github.com/haseeb-heaven', url='http://github.com/haseeb-heaven', tcourl='https://t.co/N0j1WHgwmA', indices=(0, 23))",,47,False,2022-06-23 14:28:55+00:00,"Dubai, United Arab Emirates"
"Bella Ramsey and Best Performances by ChatGPT.
https://t.co/uVrp2Blnpu

#AI  #ChatGPT  #OpenAI  #chatgptsays #subscribe  #Hollywood  #britishactress #BellaRamsey  #GameOfThrones   @GameOfThrones    @BellaRamsey https://t.co/CitpcqJqhe","Bella Ramsey and Best Performances by ChatGPT.
youtu.be/pEOv7KSlbHM

#AI  #ChatGPT  #OpenAI  #chatgptsays #subscribe  #Hollywood  #britishactress #BellaRamsey  #GameOfThrones   @GameOfThrones    @BellaRamsey https://t.co/CitpcqJqhe",ChatGPTsays,,,4,False,2023-02-03 18:38:20+00:00,
"Microsoft introduces AI-powered Dynamics 365 Copilot to automate repetitive tasks

#Microsoft #AI #ChatGPT #OpenAI
https://t.co/y2l7bvZyyl","Microsoft introduces AI-powered Dynamics 365 Copilot to automate repetitive tasks

#Microsoft #AI #ChatGPT #OpenAI
rb.gy/a8dy0a",TechCircle,"TextLink(text='techcircle.in', url='https://www.techcircle.in/', tcourl='https://t.co/FGEQ4aZofU', indices=(0, 23))",,31229,False,2011-02-22 09:06:49+00:00,"New Delhi, India"
"Honey never goes bad - ancient Egyptian tombs have been found with still edible honey inside!

#Openai","Honey never goes bad - ancient Egyptian tombs have been found with still edible honey inside!

#Openai",FunFacts.AI,,,28,False,2022-05-24 12:26:27+00:00,
"med IA: AprÃ¨s GPT-3, GPT-4 : Â« Generative Pre-trained Tran... https://t.co/NHeHy1DBiv 

#GPT #GPT3 #GPT4 #OpenAI https://t.co/CEaFPCf5mE","med IA: AprÃ¨s GPT-3, GPT-4 : Â« Generative Pre-trained Tran... mediabrain.fr/2023/03/apres-â€¦ 

#GPT #GPT3 #GPT4 #OpenAI https://t.co/CEaFPCf5mE",med IA,"TextLink(text='mediabrain.fr', url='http://www.mediabrain.fr', tcourl='https://t.co/X2GLHT30qc', indices=(0, 23))",,23,False,2022-01-16 11:01:11+00:00,France
"Next time when somebody asks if the content generated by #ChatGPT is plagiarized?

Show them ğŸ‘‡

#OpenAI #Chat #BingChat #Bing #chatgpt3 #GenerativeAI #AI https://t.co/q2KgJVQUWM","Next time when somebody asks if the content generated by #ChatGPT is plagiarized?

Show them ğŸ‘‡

#OpenAI #Chat #BingChat #Bing #chatgpt3 #GenerativeAI #AI https://t.co/q2KgJVQUWM",farsays | Content & Copywriting,"TextLink(text='farahsays.medium.com', url='http://farahsays.medium.com', tcourl='https://t.co/WXi9jgasGF', indices=(0, 23))",,86,False,2022-09-12 06:34:49+00:00,Pakistan
"The world's deepest cave is over 10,500 feet deep, making it deeper than the height of Mt. Everest!

#Openai","The world's deepest cave is over 10,500 feet deep, making it deeper than the height of Mt. Everest!

#Openai",FunFacts.AI,,,28,False,2022-05-24 12:26:27+00:00,
"#PowerPlatformUpdates #AIBuilder åŠã³ #PowerVirtualAgents ã« #OpenAI #GPT ã‚¨ãƒ³ã‚¸ãƒ³ãŒã‚„ã£ã¦ããŸï¼ é™å®šãƒ—ãƒ¬ãƒ“ãƒ¥ãƒ¼é–‹å§‹ã€‚
â‘ Web ã‚µã‚¤ãƒˆæƒ…å ±ã‹ã‚‰QAã—ã¦ãã‚Œã‚‹ã‚µãƒãƒ¼ãƒˆBotã‚’ç°¡å˜ã«PVAã§ä½œæˆï¼
â‘¡æ–‡ç« ã®è¦ç´„ãªã©ã‚’ã—ã¦ãã‚Œã‚‹GPTãƒ¢ãƒ‡ãƒ«ã®ã‚¢ã‚¯ã‚·ãƒ§ãƒ³ãŒAI Builder ã«è¿½åŠ ï¼
https://t.co/cFcmX3kAL4 https://t.co/fknNGJjzv4","#PowerPlatformUpdates #AIBuilder åŠã³ #PowerVirtualAgents ã« #OpenAI #GPT ã‚¨ãƒ³ã‚¸ãƒ³ãŒã‚„ã£ã¦ããŸï¼ é™å®šãƒ—ãƒ¬ãƒ“ãƒ¥ãƒ¼é–‹å§‹ã€‚
â‘ Web ã‚µã‚¤ãƒˆæƒ…å ±ã‹ã‚‰QAã—ã¦ãã‚Œã‚‹ã‚µãƒãƒ¼ãƒˆBotã‚’ç°¡å˜ã«PVAã§ä½œæˆï¼
â‘¡æ–‡ç« ã®è¦ç´„ãªã©ã‚’ã—ã¦ãã‚Œã‚‹GPTãƒ¢ãƒ‡ãƒ«ã®ã‚¢ã‚¯ã‚·ãƒ§ãƒ³ãŒAI Builder ã«è¿½åŠ ï¼
cloudblogs.microsoft.com/powerplatform/â€¦ https://t.co/fknNGJjzv4",ã‚®ãƒ¼ã‚¯ãƒ•ã‚¸ãƒ¯ãƒ©,"TextLink(text='youtube.com/@geekfujiwara', url='https://www.youtube.com/@geekfujiwara', tcourl='https://t.co/xCefTHJCDR', indices=(0, 23))",,503,False,2021-03-27 08:39:56+00:00,
"Mastering #ChatGPT &amp; Large Language Models (#LLM).
Good article from SÃ©bastien Brasseur
#AI #OpenAI #Azure 
@xavperret Matthieu Bret @plimantour @TarnaudSandrine ChloÃ© Jeun @dcudel @carolebenichou https://t.co/AO8Ztd574C https://t.co/oat4rYkFB9","Mastering #ChatGPT &amp; Large Language Models (#LLM).
Good article from SÃ©bastien Brasseur
#AI #OpenAI #Azure 
@xavperret Matthieu Bret @plimantour @TarnaudSandrine ChloÃ© Jeun @dcudel @carolebenichou lnkd.in/ek-tnjE6 lnkd.in/eFsX6Ah7",Fabien MEDAT,"TextLink(text='microsoft.fr', url='https://www.microsoft.fr', tcourl='https://t.co/TVJXtuxepq', indices=(0, 23))",,928,False,2012-03-28 07:30:38+00:00,Paris
"Building generator a #contentgenerator platform @generator_xyz

Currently I experiment with automatic social media message proposals (drafts) so users can regenerate more valuable content âš¡ï¸

What are you experimenting with?

#ai #openai #chatgpt #experiment","Building generator a #contentgenerator platform @generator_xyz

Currently I experiment with automatic social media message proposals (drafts) so users can regenerate more valuable content âš¡ï¸

What are you experimenting with?

#ai #openai #chatgpt #experiment",Dev By RayRay - building generatorxyz.com,"TextLink(text='byrayray.dev', url='https://byrayray.dev', tcourl='https://t.co/twWyuCdKhN', indices=(0, 23))",,2113,False,2016-02-17 15:27:58+00:00,The Netherlands
"Create a WordPress Plugin with the help of ChatGPT. https://t.co/DN0DjSBY5I 

For services, reach out to us at info@webuters.com 

#ChatGPT #WordPressPlugin #ChatGPTprompts #ChatGPTfordevelopers #codewithchatgpt #OpenAI https://t.co/jCVPj3X5yl","Create a WordPress Plugin with the help of ChatGPT. buff.ly/3yeTwE7 

For services, reach out to us at info@webuters.com 

#ChatGPT #WordPressPlugin #ChatGPTprompts #ChatGPTfordevelopers #codewithchatgpt #OpenAI https://t.co/jCVPj3X5yl",Webuters Technologies,"TextLink(text='webuters.com', url='https://www.webuters.com/', tcourl='https://t.co/FtQbt8etzZ', indices=(0, 23))",,83,False,2015-02-24 17:21:21+00:00,India
"Microsoftâ€™s new OpenAI-Powered CoPilot AI Will Assist CRMs &amp; Businesses

For more news visit https://t.co/98KV4yIruC

#2YoDoINDIA #Microsoft #ChatGPT #OpenAI https://t.co/pLSbsDpANx","Microsoftâ€™s new OpenAI-Powered CoPilot AI Will Assist CRMs &amp; Businesses

For more news visit 2yodoindia.com

#2YoDoINDIA #Microsoft #ChatGPT #OpenAI https://t.co/pLSbsDpANx",2YoDoINDIA News Network,"TextLink(text='2yodoindia.com', url='http://www.2yodoindia.com', tcourl='https://t.co/pibbeYEAtY', indices=(0, 23))",,50,False,2019-07-25 12:20:22+00:00,India
"A command-line interface (CLI) tool to access the OpenAI models via the command line. ğŸ˜€ 

https://t.co/XkxfMoJTyh

#ChatGPT #OpenAI","A command-line interface (CLI) tool to access the OpenAI models via the command line. ğŸ˜€ 

github.com/tbckr/sgpt

#ChatGPT #OpenAI",@zorak1103@nrw.social,,,333,False,2011-08-28 10:01:36+00:00,@home
"Rendez-vous le jeudi 23 mars Ã  11h30 sur pour un nouvel #AvanadeLive sur notre page Linkedin autour de ""#ChatGPT : Vers une AI-First Era ?""
@djeepy1 et @paulpeton nous proposeront un dÃ©cryptage de cette tendance sous diffÃ©rents angles.
https://t.co/zZFdYVQhbW
#OpenAI #AI https://t.co/qlLkEBrklg","Rendez-vous le jeudi 23 mars Ã  11h30 sur pour un nouvel #AvanadeLive sur notre page Linkedin autour de ""#ChatGPT : Vers une AI-First Era ?""
@djeepy1 et @paulpeton nous proposeront un dÃ©cryptage de cette tendance sous diffÃ©rents angles.
linkedin.com/video/event/urâ€¦
#OpenAI #AI https://t.co/qlLkEBrklg",Avanade France,"TextLink(text='avanade.com/fr-fr/Pages/deâ€¦', url='http://www.avanade.com/fr-fr/Pages/default.aspx', tcourl='https://t.co/MIfZn4J7ya', indices=(0, 23))",,1359,False,2011-06-23 09:20:37+00:00,92130 Issy-les-Moulineaux
"Hi, We launched Twig AI on Product Hunt today.ğŸ”¥https://t.co/z7VMkcwxLk

Check it out and engage with us in the discussion.

Twig AI provides quick answers to complex technical questions by analyzing documentation, knowledge base, and support tickets.  #GPT3 #LLMS #openai #ai","Hi, We launched Twig AI on Product Hunt today.ğŸ”¥lnkd.in/g8qk_MmE

Check it out and engage with us in the discussion.

Twig AI provides quick answers to complex technical questions by analyzing documentation, knowledge base, and support tickets.  #GPT3 #LLMS #openai #ai",Justin Chi,"TextLink(text='myflashcloud.com', url='http://myflashcloud.com', tcourl='https://t.co/07L0Pr8txe', indices=(0, 23))",,38,False,2022-11-11 22:59:00+00:00,"San Francisco, CA"
"The word ""karate"" translates to ""empty hand"" because it originally only involved hand-to-hand combat.

#Openai","The word ""karate"" translates to ""empty hand"" because it originally only involved hand-to-hand combat.

#Openai",FunFacts.AI,,,28,False,2022-05-24 12:26:27+00:00,
#OpenAI Makes #ChatGPT Available for Companies to Integrate in #Apps,#OpenAI Makes #ChatGPT Available for Companies to Integrate in #Apps,KARMANN ALBAN,,,3,False,2016-02-18 21:31:47+00:00,
"Whisky and other distilled spirits don't age in the bottle â€” only in the barrel.

#Openai","Whisky and other distilled spirits don't age in the bottle â€” only in the barrel.

#Openai",FunFacts.AI,,,28,False,2022-05-24 12:26:27+00:00,
"Hi, We launched Twig on Product Hunt today.ğŸ”¥https://t.co/rdsmhz3AIC 

Check it out and engage with us in the discussion.

Twig provides answers to complex technical questions by semantically analyzing documentation, knowledge bases, and historic tickets.  #GTP3 #LLMS #openai #ai","Hi, We launched Twig on Product Hunt today.ğŸ”¥producthunt.com/posts/twig-ai 

Check it out and engage with us in the discussion.

Twig provides answers to complex technical questions by semantically analyzing documentation, knowledge bases, and historic tickets.  #GTP3 #LLMS #openai #ai",Chandan Maruthi ğŸš€ | Twig.so AI for Support,"TextLink(text='producthunt.com/posts/the-esseâ€¦', url='https://www.producthunt.com/posts/the-essential-founder-calendar', tcourl='https://t.co/o7r9Oevh9p', indices=(0, 23))",,530,False,2009-04-09 14:58:03+00:00,"Foster City, CA"
"ChatGPT has done it again! Check out the amazing resume it produced for #JeffFoxworthy, at https://t.co/d39qJM1P0j. #ChatGPT #ai #artificialintelligence #OpenAI #resume #CV #madewithAI #JeffFoxworthy #EntertainmentIndustry #Humor #BusinessAcumen https://t.co/ysJKtdQXqy","ChatGPT has done it again! Check out the amazing resume it produced for #JeffFoxworthy, at thisresumedoesnotexist.com/resume/jeff-foâ€¦. #ChatGPT #ai #artificialintelligence #OpenAI #resume #CV #madewithAI #JeffFoxworthy #EntertainmentIndustry #Humor #BusinessAcumen https://t.co/ysJKtdQXqy",Enhancv,"TextLink(text='enhancv.com', url='https://enhancv.com', tcourl='https://t.co/ziv59Dw9qL', indices=(0, 23))",,5238,False,2014-06-06 09:05:56+00:00,Sofia
"Humans share 50% of their DNA with a banana!

#Openai","Humans share 50% of their DNA with a banana!

#Openai",FunFacts.AI,,,28,False,2022-05-24 12:26:27+00:00,
".

Luke Keary's heated embrace was a passionate plea for the NRL's concussion process, despite criticism from the coaches. #openAI #NRL https://t.co/lYjiy7TeAH",".

Luke Keary's heated embrace was a passionate plea for the NRL's concussion process, despite criticism from the coaches. #openAI #NRL smh.com.au/sport/nrl/kearâ€¦",Rugby Romance (Parody),,,3,False,2023-01-07 03:24:33+00:00,Sydney
"Luke Keary's strong support for the NRL's concussion process had his heart racing, especially when their gazes locked in the heat of the moment. #openAI #NRL https://t.co/h8Zs6gMOyp","Luke Keary's strong support for the NRL's concussion process had his heart racing, especially when their gazes locked in the heat of the moment. #openAI #NRL theage.com.au/sport/nrl/kearâ€¦",Rugby Romance (Parody),,,3,False,2023-01-07 03:24:33+00:00,Sydney
"Breaking news: Our favorite new character (https://t.co/rdQQUzrG2A) just leveled up! 

The website gained a new skill this morning : calling OpenAI's moderation endpoint. 

Time to say no to trollin', yes to a world that is rollin' !

#LevelUp #BuildInPublic #OpenAI #IndieHacker https://t.co/mlmutaC4PA","Breaking news: Our favorite new character (applai.fr) just leveled up! 

The website gained a new skill this morning : calling OpenAI's moderation endpoint. 

Time to say no to trollin', yes to a world that is rollin' !

#LevelUp #BuildInPublic #OpenAI #IndieHacker https://t.co/mlmutaC4PA",Al_th,"TextLink(text='alth.fr', url='http://www.alth.fr/', tcourl='https://t.co/JoMQUG4YnE', indices=(0, 23))",,274,False,2010-01-16 09:53:28+00:00,France
"The world's smallest living creature is the bumblebee bat, which is no bigger than your thumbnail!

#Openai","The world's smallest living creature is the bumblebee bat, which is no bigger than your thumbnail!

#Openai",FunFacts.AI,,,28,False,2022-05-24 12:26:27+00:00,
"How Does Chat GPT Actually Work?Â GPT is an artificial intelligence-powered language model developed by AI research company: OpenAI. But how does it work?
#ChatGPT #OpenAI #AI #NLP #ArtificialIntelligence  https://t.co/2VNM6Ewav3","How Does Chat GPT Actually Work?Â GPT is an artificial intelligence-powered language model developed by AI research company: OpenAI. But how does it work?
#ChatGPT #OpenAI #AI #NLP #ArtificialIntelligence  bit.ly/41SnGus",Anne Marie Pordon,,,264,False,2019-09-06 17:02:23+00:00,The Netherlands
"#OpenAI is developing new methods to reduce biases &amp; increase safety in #ChatGPT.

The efforts aim to make ChatGPT more inclusive &amp; reduce the risk of harmful outputs.

Read how they're making this possible here ğŸ‘‰ https://t.co/y5FUr51thC

#TechNews #AI #ArtificialIntelligence","#OpenAI is developing new methods to reduce biases &amp; increase safety in #ChatGPT.

The efforts aim to make ChatGPT more inclusive &amp; reduce the risk of harmful outputs.

Read how they're making this possible here ğŸ‘‰ ow.ly/zsR550N75N7

#TechNews #AI #ArtificialIntelligence",Understanding Recruitment,"TextLink(text='understandingrecruitment.co.uk', url='http://www.understandingrecruitment.co.uk', tcourl='https://t.co/R2fuPf2f70', indices=(0, 23))",,2500,False,2011-07-01 10:14:57+00:00,"St. Albans, Hertfordshire"
"Noun: tradition

A tradition is like a really old joke that everyone has heard a million times, but you still have to laugh at it anyway!

 #technology #innovation #chatGPT #openai #programming","Noun: tradition

A tradition is like a really old joke that everyone has heard a million times, but you still have to laugh at it anyway!

 #technology #innovation #chatGPT #openai #programming",gpt_comedy_bot,,,10,False,2022-12-29 15:45:29+00:00,
"âœ…ãƒ–ãƒ­ã‚°æ›´æ–°ã—ã¾ã—ãŸï¼

ã€ã€ChatGPTã€‘é©å‘½ï¼Googleã‚¹ãƒ—ãƒ¬ãƒƒãƒˆã‚·ãƒ¼ãƒˆã¨ã®é€£æºã§ãƒ“ã‚¸ãƒã‚¹åŠ¹ç‡åŒ– ï½ã‚»ãƒƒãƒˆã‚¢ãƒƒãƒ—ç·¨ï½ã€
https://t.co/QUODJuej8v

#ChatGPT #OpenAI #ãƒãƒ£ãƒƒãƒˆå‹AI #ãƒ–ãƒ­ã‚° #ãƒ­ãƒœãƒƒãƒˆã‚·ãƒ§ãƒƒãƒ— #ChatGPTä½¿ã„æ–¹ #GPTé–¢æ•° #æ¥­å‹™åŠ¹ç‡åŒ–","âœ…ãƒ–ãƒ­ã‚°æ›´æ–°ã—ã¾ã—ãŸï¼

ã€ã€ChatGPTã€‘é©å‘½ï¼Googleã‚¹ãƒ—ãƒ¬ãƒƒãƒˆã‚·ãƒ¼ãƒˆã¨ã®é€£æºã§ãƒ“ã‚¸ãƒã‚¹åŠ¹ç‡åŒ– ï½ã‚»ãƒƒãƒˆã‚¢ãƒƒãƒ—ç·¨ï½ã€
vstone.co.jp/robotshop/blogâ€¦

#ChatGPT #OpenAI #ãƒãƒ£ãƒƒãƒˆå‹AI #ãƒ–ãƒ­ã‚° #ãƒ­ãƒœãƒƒãƒˆã‚·ãƒ§ãƒƒãƒ— #ChatGPTä½¿ã„æ–¹ #GPTé–¢æ•° #æ¥­å‹™åŠ¹ç‡åŒ–",Vstone/ãƒ´ã‚¤ã‚¹ãƒˆãƒ³,"TextLink(text='vstone.co.jp', url='https://www.vstone.co.jp', tcourl='https://t.co/TOuLe0sJUH', indices=(0, 23))",,360,False,2016-02-03 01:28:39+00:00,
Just started playing with #OpenAI for the first time...experimenting with prompts inspired by items on my desk and it spits out this story which nearly brought a tear to my eye. ğŸ¥² https://t.co/yXr7G4NCwa,Just started playing with #OpenAI for the first time...experimenting with prompts inspired by items on my desk and it spits out this story which nearly brought a tear to my eye. ğŸ¥² https://t.co/yXr7G4NCwa,kristian,,,24,False,2012-01-06 00:17:49+00:00,Australia
"Time for a brief history lesson!
#chatgpt #chatbots #ai #artificialintelligence #openai #openaichatgpt #bain #microsoft #history #skynet https://t.co/DSkVadqYIV","Time for a brief history lesson!
#chatgpt #chatbots #ai #artificialintelligence #openai #openaichatgpt #bain #microsoft #history #skynet lnkd.in/gpPx_w6p",George Kondos,"TextLink(text='dailyphotowaste.blogspot.gr', url='http://dailyphotowaste.blogspot.gr/', tcourl='http://t.co/8zSdnLWEcp', indices=(0, 22))",,113,False,2009-03-13 18:47:13+00:00,"Athens, Greece"
"like tzuyu!
#AIã‚¤ãƒ©ã‚¹ãƒˆ #AIã‚¢ãƒ¼ãƒˆ #AIart  #AIphotography #AIå†™çœŸå®¶ #stablediffusion #ChatGPT #OpenAI #ChilloutMix https://t.co/ouwSRESKKi","like tzuyu!
#AIã‚¤ãƒ©ã‚¹ãƒˆ #AIã‚¢ãƒ¼ãƒˆ #AIart  #AIphotography #AIå†™çœŸå®¶ #stablediffusion #ChatGPT #OpenAI #ChilloutMix https://t.co/ouwSRESKKi",AI Kawaii Girl INC.,,,144,False,2022-04-23 16:31:43+00:00,
"BRIDGES ON #ARBITRUM ECOSYSTEM

Don't worry if you still wonder how to bridge assets from other blockchains to @arbitrum.

Below is the list of bridges supporting solving that problem.

#Arbitrum #Ethereum #Bridges #ETH $ETH #CamelotDEX #GMX #OpenAI #PerpetualDEX #Velodrome https://t.co/KLdM8EP2Zx","BRIDGES ON #ARBITRUM ECOSYSTEM

Don't worry if you still wonder how to bridge assets from other blockchains to @arbitrum.

Below is the list of bridges supporting solving that problem.

#Arbitrum #Ethereum #Bridges #ETH $ETH #CamelotDEX #GMX #OpenAI #PerpetualDEX #Velodrome https://t.co/KLdM8EP2Zx","Arbitrum Hub DAO (ğŸ’™,ğŸ§¡)",,,70703,False,2022-04-28 08:26:29+00:00,Worldwide
"The longest word in the English language has 189,819 letters and would take almost 3.5 hours to pronounce!

#Openai","The longest word in the English language has 189,819 letters and would take almost 3.5 hours to pronounce!

#Openai",FunFacts.AI,,,28,False,2022-05-24 12:26:27+00:00,
"#MidJourney #OpenAi #GPT #StableDiffusion2 #DallE #ChatGPT
join: https://t.co/rlyimpQw40

#imagine 'superimposed intimate flamenco dance,

share your art here:
https://t.co/pmkbkUbMSr' https://t.co/IaA8ksNcnr","#MidJourney #OpenAi #GPT #StableDiffusion2 #DallE #ChatGPT
join: t.me/MidJourneyAI1

#imagine 'superimposed intimate flamenco dance,

share your art here:
ift.tt/bqzCZKU' https://t.co/IaA8ksNcnr",Best MidJourneyAI Generated ArtğŸ¤–ğŸ¨,"TextLink(text='t.me/MidJourneyAI1', url='http://t.me/MidJourneyAI1', tcourl='https://t.co/kqCv41zBXI', indices=(0, 23))",,708,False,2022-08-27 13:00:55+00:00,
"Developers Can Install ChatGPT in Their Applications

#ChatGPT #ArtificialIntelligence #OpenAI 

https://t.co/J36vWgngZ0","Developers Can Install ChatGPT in Their Applications

#ChatGPT #ArtificialIntelligence #OpenAI 

worldtechnewsdaily.com/2023/03/develoâ€¦",Tech News Daily,"TextLink(text='worldtechnewsdaily.com', url='https://www.worldtechnewsdaily.com/', tcourl='https://t.co/d7ye4Vnzrm', indices=(0, 23))",,2,False,2023-02-12 14:12:50+00:00,United States Of America
"Chameleons can move their eyes independently, meaning they can look in two directions at once!

#Openai","Chameleons can move their eyes independently, meaning they can look in two directions at once!

#Openai",FunFacts.AI,,,28,False,2022-05-24 12:26:27+00:00,
"""A Memorable Patient""
Dr. Samiran Nundy
FRCP FRCS
Editors-in-Chief Raxapedia
https://t.co/8XGjnF6ePh

(Image generated using AI, Dall-E)

#healthtech #doctorpatientrelationship #patient #doctor #artificialintelligence #ai #OpenAI #dalle2 https://t.co/2h5IfVkwvH","""A Memorable Patient""
Dr. Samiran Nundy
FRCP FRCS
Editors-in-Chief Raxapedia
raxapedia.health

(Image generated using AI, Dall-E)

#healthtech #doctorpatientrelationship #patient #doctor #artificialintelligence #ai #OpenAI #dalle2 https://t.co/2h5IfVkwvH",Raxa,"TextLink(text='raxa.com', url='https://www.raxa.com/', tcourl='https://t.co/2y6JFhdJi7', indices=(0, 23))",,16,False,2013-04-26 10:16:13+00:00,"New Delhi, India"
"ğŸš€ INSIDE OF ChatGPT - What is #ChatGPT?  ğŸš€
Looking at what machine learning is, what neural networks are

âœ… What neural networks are
âœ… History and training
âœ… Machine learning 

https://t.co/yRcNoJKLbQ

#openai #chatgpt3 #gpt3 #FlowFam #BotSquad https://t.co/7NhdiAYr64","ğŸš€ INSIDE OF ChatGPT - What is #ChatGPT?  ğŸš€
Looking at what machine learning is, what neural networks are

âœ… What neural networks are
âœ… History and training
âœ… Machine learning 

hubsite365.com/en-ww/pro-offiâ€¦

#openai #chatgpt3 #gpt3 #FlowFam #BotSquad https://t.co/7NhdiAYr64",HubSite 365 - All about Microsoft,"TextLink(text='hubsite365.com', url='https://www.hubsite365.com', tcourl='https://t.co/2v3IqI0rAl', indices=(0, 23))",,2184,False,2021-09-24 19:42:34+00:00,Seattle
"The starfish has the ability to regenerate lost limbs and organs.

#Openai","The starfish has the ability to regenerate lost limbs and organs.

#Openai",FunFacts.AI,,,28,False,2022-05-24 12:26:27+00:00,
"Exciting news from @kpi6com! We're expanding internationally with new offices in LA, UK, and soon in Germany and France. Facing the #cookieless revolution, we're tackling new challenges with advanced #machinelearning models like #OpenAI. Thank you for believing in our vision!","Exciting news from @kpi6com! We're expanding internationally with new offices in LA, UK, and soon in Germany and France. Facing the #cookieless revolution, we're tackling new challenges with advanced #machinelearning models like #OpenAI. Thank you for believing in our vision!",Alberto Nasciuti,,,646,False,2011-09-19 16:24:02+00:00,Milan
#AIã‚¤ãƒ©ã‚¹ãƒˆ #AIã‚¢ãƒ¼ãƒˆ #AIart  #AIphotography #AIå†™çœŸå®¶ #stablediffusion #ChatGPT #OpenAI https://t.co/JHmLMuf20R,#AIã‚¤ãƒ©ã‚¹ãƒˆ #AIã‚¢ãƒ¼ãƒˆ #AIart  #AIphotography #AIå†™çœŸå®¶ #stablediffusion #ChatGPT #OpenAI https://t.co/JHmLMuf20R,AI Kawaii Girl INC.,,,144,False,2022-04-23 16:31:43+00:00,
"ã¾ãŸæœ€æ–°ã®ChatGPTã®APIã«å¯¾å¿œã™ã‚‹ãŸã‚ã«ã€gpt-discord-botã‚’ç”¨ã„ãŸæ›¸ãæ›ãˆã®ãƒã‚¤ãƒ³ãƒˆã‚’noteã«æ›¸ãã¾ã—ãŸã€‚#ChatGPT #OpenAI #Do #ãƒˆãƒ¬æ´»
https://t.co/8Z5ZCz0qN8","ã¾ãŸæœ€æ–°ã®ChatGPTã®APIã«å¯¾å¿œã™ã‚‹ãŸã‚ã«ã€gpt-discord-botã‚’ç”¨ã„ãŸæ›¸ãæ›ãˆã®ãƒã‚¤ãƒ³ãƒˆã‚’noteã«æ›¸ãã¾ã—ãŸã€‚#ChatGPT #OpenAI #Do #ãƒˆãƒ¬æ´»
note.com/yutakikuchi/n/â€¦",Yuta Kikuchi@æ–°ã—ã„å¥åº·æ„è­˜å®šç€ã‚µãƒ¼ãƒ“ã‚¹ã€ŒDoã€é‹å–¶ä»£è¡¨,"TextLink(text='lit.link/yutakikuchi', url='https://lit.link/yutakikuchi', tcourl='https://t.co/ccNl3YfkDk', indices=(0, 23))",,467,False,2009-05-21 13:29:14+00:00,æ±äº¬ ä¸–ç”°è°·åŒº
"#WeatherUpdate #Karachi #Khi #TempUpdate #Sunrise #Sunset #HourlyUpdate
Sunrise: 06:49 AM Sunset: 06:36 PM
Current Temp: 33 C
Humidity: 22 %
Wind Speed: 7.416  km/hr
Status: Clear
2023-03-07 12:32 PM
Generated based on instructions from #chatgpt #openAI","#WeatherUpdate #Karachi #Khi #TempUpdate #Sunrise #Sunset #HourlyUpdate
Sunrise: 06:49 AM Sunset: 06:36 PM
Current Temp: 33 C
Humidity: 22 %
Wind Speed: 7.416  km/hr
Status: Clear
2023-03-07 12:32 PM
Generated based on instructions from #chatgpt #openAI",SN,,,88,False,2014-07-28 09:38:57+00:00,
"The surface area of the moon is almost the same as that of the continent of Africa.

#Openai","The surface area of the moon is almost the same as that of the continent of Africa.

#Openai",FunFacts.AI,,,28,False,2022-05-24 12:26:27+00:00,
"#WeatherUpdate #Islamabad #Isb #Pakistan #TempUpdate #Sunrise #Sunset #HourlyUpdate
Sunrise: 06:29 AM Sunset: 06:08 PM
Current Temp: 26 C
Humidity: 31 %
Wind Speed: 8.892  km/hr
Status: Clear
2023-03-07 12:32 PM
Generated based on instructions from #chatgpt #openAI","#WeatherUpdate #Islamabad #Isb #Pakistan #TempUpdate #Sunrise #Sunset #HourlyUpdate
Sunrise: 06:29 AM Sunset: 06:08 PM
Current Temp: 26 C
Humidity: 31 %
Wind Speed: 8.892  km/hr
Status: Clear
2023-03-07 12:32 PM
Generated based on instructions from #chatgpt #openAI",SN,,,88,False,2014-07-28 09:38:57+00:00,
@Google Glasses + #ChatGPT are going to be a true game changer. Imagine youâ€™re wearing glasses that connects to #ai like #ChatGPT. Wear that to your #SAT or #GMAT exam. Fed this passage from #LSAT and got the answer instantly and correctly. #OpenAI #glasses https://t.co/008rDpHosW,@Google Glasses + #ChatGPT are going to be a true game changer. Imagine youâ€™re wearing glasses that connects to #ai like #ChatGPT. Wear that to your #SAT or #GMAT exam. Fed this passage from #LSAT and got the answer instantly and correctly. #OpenAI #glasses https://t.co/008rDpHosW,santo();,,,38,False,2009-03-13 17:21:35+00:00,"San Francisco, CA"
ã“ã‚ŒãŒMetaã®ä»Šå¾Œ4å¹´é–“ã®AR / VRãƒãƒ¼ãƒ‰ã‚¦ã‚§ã‚¢ãƒ­ãƒ¼ãƒ‰ãƒãƒƒãƒ—ã§ã™ã€‚ #OpenAI #DeepL #Metaã€€https://t.co/JCLI0CdDWT,ã“ã‚ŒãŒMetaã®ä»Šå¾Œ4å¹´é–“ã®AR / VRãƒãƒ¼ãƒ‰ã‚¦ã‚§ã‚¢ãƒ­ãƒ¼ãƒ‰ãƒãƒƒãƒ—ã§ã™ã€‚ #OpenAI #DeepL #Metaã€€sakanlog.com/2023/03/07/%e3â€¦,ã•ã‹ã‚“ï¼ AIã«ã‚ˆã‚‹è‡ªå‹•è¦ç´„ãƒ¡ãƒ‡ã‚£ã‚¢,"TextLink(text='sakanlog.com', url='https://sakanlog.com/', tcourl='https://t.co/Lfj75x8Z0n', indices=(0, 23))",,5,False,2022-04-03 07:52:40+00:00,ã•ã‹ã‚“ãƒ­ã‚°
"Dynamics 365 Copilot: #Microsoft bringt #KI fÃ¼r Vertrieb, Marketing und BÃ¼ros #OpenAI #ChatGPT https://t.co/7wj0kwY2ln","Dynamics 365 Copilot: #Microsoft bringt #KI fÃ¼r Vertrieb, Marketing und BÃ¼ros #OpenAI #ChatGPT glm.io/172426?s",Golem.de,"TextLink(text='golem.de', url='https://www.golem.de', tcourl='https://t.co/2KyrsrF9zu', indices=(0, 23))",,88196,True,2007-09-07 14:27:36+00:00,"Berlin, Germany"
"The average person will shed 55 pounds of skin in their lifetime!

#Openai","The average person will shed 55 pounds of skin in their lifetime!

#Openai",FunFacts.AI,,,28,False,2022-05-24 12:26:27+00:00,
"Unleash the Power of AI and Bing Chat to Create Amibroker AFL Trading Strategies: No Coding Required

#Amibroker #OpenAI #BingChat #TradingSystem

https://t.co/elV16EPSGh","Unleash the Power of AI and Bing Chat to Create Amibroker AFL Trading Strategies: No Coding Required

#Amibroker #OpenAI #BingChat #TradingSystem

youtube.com/watch?v=6mN-gdâ€¦",Marketcalls,"TextLink(text='marketcalls.in', url='https://www.marketcalls.in', tcourl='https://t.co/mAAFdjqVza', indices=(0, 23))",,23851,False,2008-05-20 14:27:52+00:00,Bangalore
"I am excited to share that I received my @hacktoberfest swagsâœ¨â˜„ï¸âœ…

Thank you @appwrite

#opensource #hacktoberfest #git #github #event #code #grateful #OpenAI https://t.co/WLc765EiMP","I am excited to share that I received my @hacktoberfest swagsâœ¨â˜„ï¸âœ…

Thank you @appwrite

#opensource #hacktoberfest #git #github #event #code #grateful #OpenAI https://t.co/WLc765EiMP",Kajanan,"TextLink(text='kajanan02.github.io/kajanan/', url='https://kajanan02.github.io/kajanan/', tcourl='https://t.co/dAWD59hyvy', indices=(0, 23))",,23,False,2019-11-09 10:04:28+00:00,Sri Lanka
"Daniel Tupou savors the thought of his legacy atop 115 years of Roosters history, knowing this could be his last passionate season in red, white and blue. #openAI #NRL https://t.co/7n87toCoWq","Daniel Tupou savors the thought of his legacy atop 115 years of Roosters history, knowing this could be his last passionate season in red, white and blue. #openAI #NRL smh.com.au/sport/nrl/rollâ€¦",Rugby Romance (Parody),,,3,False,2023-01-07 03:24:33+00:00,Sydney
"Un vistazo a la exclusiva oferta de monetizaciÃ³n de IA de iExec, las colaboraciones dentro del sector y algunas aplicaciones de #AI que ya utilizan la potencia de computaciÃ³n a travÃ©s de iExec:

$RLC #OpenAI #Computing 

https://t.co/yRo0IykaaK","Un vistazo a la exclusiva oferta de monetizaciÃ³n de IA de iExec, las colaboraciones dentro del sector y algunas aplicaciones de #AI que ya utilizan la potencia de computaciÃ³n a travÃ©s de iExec:

$RLC #OpenAI #Computing 

medium.com/@doru5stancu/câ€¦",iExec en EspaÃ±ol - Oficial - $RLC,"TextLink(text='iex.ec', url='https://iex.ec/', tcourl='https://t.co/VVBdcBiG1j', indices=(0, 23))",,4155,False,2022-04-08 19:34:05+00:00,
"In our last LinkedIn poll, we investigated the adoption level for generative AI tools like ChatGPT. Here is the response of our followers.

#linkedinpolls #generativeai #chatgpt #openai #smartmessage #conversationalai #chatbots #ai #creative #contentmarketing https://t.co/DMhUg7VTZu","In our last LinkedIn poll, we investigated the adoption level for generative AI tools like ChatGPT. Here is the response of our followers.

#linkedinpolls #generativeai #chatgpt #openai #smartmessage #conversationalai #chatbots #ai #creative #contentmarketing https://t.co/DMhUg7VTZu",SmartMessage,"TextLink(text='smartmessage.com', url='http://www.smartmessage.com', tcourl='https://t.co/8zYXj3UDxb', indices=(0, 23))",,574,False,2012-09-28 12:04:35+00:00,"Chicago, IL"
"#ChatGPT, an #OpenAI #chatbot, is trending owing to its human-like text generation capability. Read how you can use ChatGPT to streamline your #DevOps.

https://t.co/Z758SP36b0
 #AIÂ #IntuitiveLanguageProcessingÂ #NLP #AutomationÂ #ConversationalAIÂ #ChatGPTBlogÂ #GCPÂ #GitHub https://t.co/uVoBJKMTNq","#ChatGPT, an #OpenAI #chatbot, is trending owing to its human-like text generation capability. Read how you can use ChatGPT to streamline your #DevOps.

ecs.page.link/78GMa
 #AIÂ #IntuitiveLanguageProcessingÂ #NLP #AutomationÂ #ConversationalAIÂ #ChatGPTBlogÂ #GCPÂ #GitHub https://t.co/uVoBJKMTNq",GSPANN Technologies,"TextLink(text='gspann.com', url='https://www.gspann.com/', tcourl='https://t.co/Ui5J6LT3gE', indices=(0, 23))",,1404,False,2010-05-28 02:55:41+00:00,"Milpitas, CA"
"For every human on Earth there are 1.6 million ants.

#Openai","For every human on Earth there are 1.6 million ants.

#Openai",FunFacts.AI,,,28,False,2022-05-24 12:26:27+00:00,
@NeuroniAI #chatgpt #chatgpt3 #ArtificialIntelligence #aiprojects #OpenAI #NeuroniAI #AI $ETH #Crypto Alrighty lets start this rocket to the moon!,@NeuroniAI #chatgpt #chatgpt3 #ArtificialIntelligence #aiprojects #OpenAI #NeuroniAI #AI $ETH #Crypto Alrighty lets start this rocket to the moon!,"Cryptopfreimd (ğŸ’™,ğŸ§¡)",,,68,False,2010-12-01 08:00:51+00:00,
#AIã‚¤ãƒ©ã‚¹ãƒˆ #AIã‚¢ãƒ¼ãƒˆ #AIart  #AIphotography #AIå†™çœŸå®¶ #stablediffusion #ChatGPT #OpenAI https://t.co/8k0gWlbvlc,#AIã‚¤ãƒ©ã‚¹ãƒˆ #AIã‚¢ãƒ¼ãƒˆ #AIart  #AIphotography #AIå†™çœŸå®¶ #stablediffusion #ChatGPT #OpenAI https://t.co/8k0gWlbvlc,AI Kawaii Girl INC.,,,144,False,2022-04-23 16:31:43+00:00,
"my world is full of color ğŸ¥°â˜ºï¸ğŸ˜

High Resolution available on patreon 
https://t.co/KWOt3NPPHf
#OpenAI #Live2D #AIArt #AIã‚¤ãƒ©ã‚¹ãƒˆ #anime #NovelAI #illustration #stablediffusion #WaifuDiffusion #AI #AIArtwork #nfsw #midjourny https://t.co/WgNg8YPuTx","my world is full of color ğŸ¥°â˜ºï¸ğŸ˜

High Resolution available on patreon 
patreon.com/JinquAI
#OpenAI #Live2D #AIArt #AIã‚¤ãƒ©ã‚¹ãƒˆ #anime #NovelAI #illustration #stablediffusion #WaifuDiffusion #AI #AIArtwork #nfsw #midjourny https://t.co/WgNg8YPuTx",Jinqu AI,"TextLink(text='patreon.com/JinquAI', url='http://patreon.com/JinquAI', tcourl='https://t.co/cOq3KAskrW', indices=(0, 23))",,81,False,2023-02-08 12:36:06+00:00,
"Cows have best friends and prefer to spend most of their time with them.

#Openai","Cows have best friends and prefer to spend most of their time with them.

#Openai",FunFacts.AI,,,28,False,2022-05-24 12:26:27+00:00,
å¾®è»ŸåŸ·è¡Œé•·ç´å¾·æ‹‰å°‡åœ¨æ´»å‹•ä¸­è©³ç´°ä»‹ç´¹å¾®è»Ÿå¦‚ä½•ä»¥ AI é‡å¡‘ç”Ÿç”¢åŠ›ã€‚ #å¾®è»Ÿ #OpenAI #ChatGPT https://t.co/hQkGdldVkq,å¾®è»ŸåŸ·è¡Œé•·ç´å¾·æ‹‰å°‡åœ¨æ´»å‹•ä¸­è©³ç´°ä»‹ç´¹å¾®è»Ÿå¦‚ä½•ä»¥ AI é‡å¡‘ç”Ÿç”¢åŠ›ã€‚ #å¾®è»Ÿ #OpenAI #ChatGPT dlvr.it/SkTfrZ,TechNews ç§‘æŠ€æ–°å ±,"TextLink(text='technews.tw', url='https://technews.tw', tcourl='https://t.co/M6D1we8Ub2', indices=(0, 23))",,2553,False,2014-09-09 01:49:20+00:00,"å°ç£, å°åŒ—å¸‚"
Can you use Chat GPT to make a mobile game? We tried it to see! #mobilegames #GPT #OpenAI https://t.co/OERyZFQ24j,Can you use Chat GPT to make a mobile game? We tried it to see! #mobilegames #GPT #OpenAI https://t.co/OERyZFQ24j,HQLA,"TextLink(text='youtube.com/channel/UCqGK1â€¦', url='https://www.youtube.com/channel/UCqGK1Kq4BntoNTnef-nPaLw/featured', tcourl='https://t.co/nFitb4jTHS', indices=(0, 23))",,22,False,2021-02-04 08:17:09+00:00,
"Microsoft aims to reduce â€œtediousâ€ business tasks with new AI tools
#powervirtual #aibuilder #gpt #openai #alphabet #baidu
https://t.co/Ip0AnjOgOJ","Microsoft aims to reduce â€œtediousâ€ business tasks with new AI tools
#powervirtual #aibuilder #gpt #openai #alphabet #baidu
upstract.com/x/a0f8f665bb92â€¦",Upstract News,"TextLink(text='upstract.com', url='https://upstract.com', tcourl='https://t.co/Re3ZRXDk6m', indices=(0, 23))",,1673,False,2014-03-05 15:12:33+00:00,
"Microsoft aims to reduce â€œtediousâ€ business tasks with new AI tools
#powervirtual #aibuilder #gpt #openai #alphabet #baidu
â¡ï¸ Now on https://t.co/CAhbgw5d4W â€” https://t.co/a9kxN5mVQb","Microsoft aims to reduce â€œtediousâ€ business tasks with new AI tools
#powervirtual #aibuilder #gpt #openai #alphabet #baidu
â¡ï¸ Now on upstract.com â€” arstechnica.com/information-teâ€¦",Upstract,"TextLink(text='upstract.com', url='https://upstract.com', tcourl='https://t.co/kqh2Upi1TU', indices=(0, 23))",,5537,False,2007-01-31 16:51:50+00:00,
"Las motos son divertidas, la vida es divertida. Montar en moto es la mejor forma de vivirla. Hoy Elena estÃ¡ guapa, eso estÃ¡ claro. Pero siendo sinceros, estÃ¡ guapa todos los dÃ­as. La alegrÃ­a y la buena onda que desprende es contagiosa.
#OpenAI #GPT3","Las motos son divertidas, la vida es divertida. Montar en moto es la mejor forma de vivirla. Hoy Elena estÃ¡ guapa, eso estÃ¡ claro. Pero siendo sinceros, estÃ¡ guapa todos los dÃ­as. La alegrÃ­a y la buena onda que desprende es contagiosa.
#OpenAI #GPT3",OpenAI-Assistant,,,8,False,2022-05-30 14:25:01+00:00,
"288 successful bidders and the bids accumulated $16.5 million. The minimum quantity of bids was 20,000 satoshis. #BTC #Bitcoin #CryptoNews #cryptomarket #ChatGPT #openai Sentiment Result : Positive @crypto_talkies https://t.co/rKuJxz2Agx","288 successful bidders and the bids accumulated $16.5 million. The minimum quantity of bids was 20,000 satoshis. #BTC #Bitcoin #CryptoNews #cryptomarket #ChatGPT #openai Sentiment Result : Positive @crypto_talkies https://t.co/rKuJxz2Agx",Crypto Talkies - Sentiment Analysis Tool,"TextLink(text='cryptotalkies.net', url='https://www.cryptotalkies.net/', tcourl='https://t.co/vaNi0oIvWZ', indices=(0, 23))",,399,False,2022-02-13 18:57:42+00:00,Global
"Will you trust and take an appointment for horoscope related queries with an AI tool ? 

#ChatGPT #Horoscope #ArtificialIntelligence #MachineLearning #Google #OpenAI #Python #Twitter #Networking #twitterpoll #web3 #blockchain","Will you trust and take an appointment for horoscope related queries with an AI tool ? 

#ChatGPT #Horoscope #ArtificialIntelligence #MachineLearning #Google #OpenAI #Python #Twitter #Networking #twitterpoll #web3 #blockchain",adinathk,"TextLink(text='linktr.ee/adinathk', url='https://linktr.ee/adinathk', tcourl='https://t.co/WMdG9RQ1O4', indices=(0, 23))",,0,False,2023-02-10 19:14:04+00:00,Planet Earth
"ChatGPT does have certain limits, despite its sophisticated powers. Here, we will explore some limitations of ChatGPT.

To read the full story, click on the below linkğŸ‘‡
https://t.co/p7DiDrFmKF
.
#chatgpt #chatgptai #chatgptnews #openai #artificialintelligenceai https://t.co/AfcK4DeWwq","ChatGPT does have certain limits, despite its sophisticated powers. Here, we will explore some limitations of ChatGPT.

To read the full story, click on the below linkğŸ‘‡
buff.ly/41Rfc6H
.
#chatgpt #chatgptai #chatgptnews #openai #artificialintelligenceai https://t.co/AfcK4DeWwq",Business2Business,"TextLink(text='business2business.co.in', url='https://business2business.co.in/', tcourl='https://t.co/cHNkExA7J3', indices=(0, 23))",,622,False,2016-11-28 05:46:25+00:00,"Gurgaon, India"
https://t.co/R6FfmBs1rf #search #OpenAI,nytimes.com/2023/02/03/opiâ€¦ #search #OpenAI,Vishal,"TextLink(text='blog.sharmavishal.com', url='http://blog.sharmavishal.com/', tcourl='https://t.co/dwOLmxTnNT', indices=(0, 23))",,598,False,2008-01-25 05:18:42+00:00,
"A shrimp's heart is in its head!

#Openai","A shrimp's heart is in its head!

#Openai",FunFacts.AI,,,28,False,2022-05-24 12:26:27+00:00,
"#OpenAI revolutionizes tech with launch of #AI-powered platform - #DentalTribuneInternational 

https://t.co/9xifwPJ8IB","#OpenAI revolutionizes tech with launch of #AI-powered platform - #DentalTribuneInternational 

dental-tribune.com/news/artificiaâ€¦",AI News,,,10,False,2023-01-29 00:42:14+00:00,
"#Microsoft integrates #AI behind #ChatGPT to more developer tools

Microsoft said a line of business-intelligence and app-development tools within #PowerPlatform was updated with the new capabilities.

#OpenAI","#Microsoft integrates #AI behind #ChatGPT to more developer tools

Microsoft said a line of business-intelligence and app-development tools within #PowerPlatform was updated with the new capabilities.

#OpenAI",International Finance,"TextLink(text='internationalfinance.com', url='http://www.internationalfinance.com', tcourl='https://t.co/ssxiSRPSPm', indices=(0, 23))",,3062,False,2013-04-30 11:57:20+00:00,India
"In Iceland, Santa Claus is believed to live in the mountains with a magical cat that eats ashes and reads people's minds.

#Openai","In Iceland, Santa Claus is believed to live in the mountains with a magical cat that eats ashes and reads people's minds.

#Openai",FunFacts.AI,,,28,False,2022-05-24 12:26:27+00:00,
"I'm working on a free YouTube end-to-end course to simplify working with #OpenAI for both seasoned and new software engineers.

Stay tuned!

#chatgpt #blazor #dotnet #csharp #openai #artificialgeneralintelligence #machinelearnig https://t.co/100LLm4fbU","I'm working on a free YouTube end-to-end course to simplify working with #OpenAI for both seasoned and new software engineers.

Stay tuned!

#chatgpt #blazor #dotnet #csharp #openai #artificialgeneralintelligence #machinelearnig https://t.co/100LLm4fbU",Hassan Habib,"TextLink(text='hassanhabib.com', url='http://www.hassanhabib.com', tcourl='https://t.co/IELBXRt2HO', indices=(0, 23))",,1937,False,2013-09-25 23:56:09+00:00,"Redmond, WA"
"#OpenAI 's new ""gpt-3.5-turbo"" API is here, providing #ChatGPT  with optimized AI services to enhance brand experiences.
As a #SaaS cloud communication provider, we're also committed to advancing in this field. Why not Join us!
https://t.co/0B4camH3vc","#OpenAI 's new ""gpt-3.5-turbo"" API is here, providing #ChatGPT  with optimized AI services to enhance brand experiences.
As a #SaaS cloud communication provider, we're also committed to advancing in this field. Why not Join us!
cxtoday.com/text-analyticsâ€¦",Simple Connect,"TextLink(text='cloopen.com', url='https://cloopen.com/', tcourl='https://t.co/QDl5curAmK', indices=(0, 23))",,1,False,2022-05-23 03:13:59+00:00,
"#openai #whisper API blank input, get words output (sometimes, not always the case). Why? https://t.co/xWQHRkMY3S","#openai #whisper API blank input, get words output (sometimes, not always the case). Why? https://t.co/xWQHRkMY3S",Joseph Cheung,,,213,False,2017-07-14 10:23:46+00:00,
